"[704566, 704567, 704568, 704569, 704570, 704571, 704572, 704573, 704574, 704575, 704576, 704577, 704578, 704579, 704580, 704581, 717271, 717272, 717273, 717274, 717275, 717276, 717277, 717278, 717279, 717280, 717281, 717282, 717283, 717284, 717285, 717286, 717287, 717288, 717289]"
"[717290, 717291, 717292, 717293, 717294, 717295, 717296, 717297, 717298, 717299, 717300, 717301, 717607, 717608, 717609, 717610, 717302, 717303, 717304, 717305, 717306, 717307, 717308, 717309, 717310, 717311, 717312, 717313, 717314, 717315, 717316, 717317, 717318, 717319, 717320]"
"[717321, 717322, 717323, 717324, 717325, 717326, 717327, 717328, 717329, 717330, 717331, 717332, 717333, 717334, 717335, 717336, 717337, 717338, 717339, 717340, 717341, 717342, 717343, 717344, 717345, 717346, 717347, 717348, 717349, 717350, 717351, 717352, 717353, 717354, 717355]"
"[717356, 717357, 717358, 717359, 717360, 717361, 717362, 717363, 717364, 717365, 717366, 717367, 717368, 717369, 717370, 717371, 717372, 717374, 717375, 717376, 717377, 717378, 717379, 717380, 717381, 717382, 717386, 717387, 717388, 717389, 717390, 717391, 717392, 717611]"
"[717612, 717613, 717393, 717394, 717395, 717396, 717397, 717398, 717399, 717400, 717401, 717402, 717406, 717407, 717408, 717409, 717410, 717411, 717412, 717413, 717414, 717415, 717416, 717417, 717418, 717419, 717420, 717421, 717422, 717423, 717424, 717425, 717426, 717427, 717428, 717429, 717430]"
"[713699, 713700, 713701, 713702, 713703, 713704, 713705, 713706, 713707, 713708, 713709, 713710, 713711, 713712, 713713, 713714, 713715, 713716, 713717, 713718, 713719, 713720, 713721, 713722, 713723, 713724, 713725, 713726, 713727, 713728, 713729, 713730, 713731, 713732, 713733, 242]"
"[713734, 713735, 713736, 713737, 713738, 713739, 713740, 713741, 713742, 713743, 713744, 713745, 713746, 713747, 713748, 713749, 713750, 713751, 713752, 713753, 713754, 731557, 713755, 713756, 713757, 713758, 713759, 713760, 713761, 713762, 713763, 713764, 713765, 713766, 713767, 713768, 713769, 242]"
"[713770, 718369, 718370, 718371, 718372, 718373, 718374, 718375, 718376, 718377, 718378, 718379, 718380, 718381, 718382, 718383, 718384, 718385, 718386, 718387, 718388, 718389, 718390, 718391, 718392, 718393, 718394, 718395, 718396, 718397, 718398, 718399, 718400, 718401, 242]"
"[718402, 718403, 718404, 718405, 718406, 718407, 718408, 718409, 718410, 718411, 718412, 718413, 718414, 718415, 718416, 718417, 718418, 718419, 718420, 718421, 718422, 718423, 718424, 718425, 718426, 718427, 718428, 718429, 718430, 718431, 718432, 718433, 718434, 718435, 718436, 242]"
"[718437, 718438, 718439, 718440, 718441, 718442, 718443, 718444, 718445, 718446, 718447, 718448, 718449, 718450, 718451, 718452, 718453, 718454, 718455, 718456, 718457, 718458, 718459, 718460, 718461, 718462, 718463, 718464, 725614, 718465, 718466, 718467, 718469, 725615, 718470, 718471, 718472, 242]"
"[713903, 713904, 713905, 713906, 713907, 713908, 713909, 713910, 713911, 713912, 713913, 713914, 713915, 713916, 713917, 713918, 713919, 713920, 713921, 713922, 713923, 713924, 713925, 713926, 713927, 713928, 713929, 713930, 713931, 713932, 713933, 713934, 713935, 713936, 713937, 713938, 243]"
"[713939, 713940, 713941, 713942, 713943, 713944, 713945, 713946, 713947, 713948, 713949, 713950, 713951, 713952, 713953, 713954, 713955, 713956, 713957, 713958, 713959, 713960, 713961, 713962, 713963, 713964, 713965, 713966, 713967, 713968, 713969, 713970, 713971, 713972, 713973, 243]"
"[713974, 713975, 713976, 713977, 713978, 713979, 713980, 713981, 713982, 713983, 713984, 713985, 713986, 713987, 713988, 713989, 713990, 713991, 713992, 713993, 713994, 713995, 713996, 713997, 713998, 713999, 714000, 714001, 714002, 714003, 714004, 714005, 714006, 714007, 243]"
"[714008, 714009, 714010, 714011, 714012, 714013, 714014, 714015, 714016, 714017, 714018, 714019, 714020, 714021, 714022, 714023, 714024, 714025, 714026, 714027, 714028, 714029, 714030, 714031, 714032, 714033, 714034, 714035, 714036, 714037, 714038, 714039, 714040, 714041, 714042, 243]"
"[714043, 714044, 714045, 714046, 714047, 714048, 714049, 714050, 714051, 714052, 714053, 714054, 714055, 714056, 714057, 714058, 714059, 714060, 714061, 714062, 714063, 714064, 714065, 714066, 714067, 714068, 714069, 714070, 714071, 714072, 714073, 714074, 714075, 714076, 714077, 714078, 243]"
"[711097, 711098, 711099, 711100, 711101, 711102, 711103, 711104, 711105, 711106, 711107, 711108, 711109, 711110, 711111, 711112, 711113, 711114, 711115, 711116, 711117, 711118, 711119, 711120, 711121, 711122, 711123, 711124, 711125, 711126, 711127, 711128, 711129, 711130, 711131]"
"[711132, 711133, 711134, 711135, 711136, 718678, 718679, 718680, 718681, 718682, 718683, 718684, 718685, 718686, 718687, 718688, 718689, 718690, 718691, 718692, 718693, 718694, 718695, 718696, 718697, 718698, 718699, 718700, 718701, 718702, 718703, 718704, 718705, 718706, 718707]"
"[718708, 718709, 721384, 721385, 721386, 721387, 721388, 721389, 721390, 721391, 721393, 721394, 721395, 721396, 721397, 721398, 721399, 721400, 721401, 721402, 721403, 721404, 721405, 721406, 721407, 721408, 721409, 721410, 721411, 721412, 721413, 721414, 721415]"
"[721416, 721417, 721418, 721419, 721420, 721421, 721422, 721423, 721424, 721425, 721426, 721427, 721428, 721429, 721430, 721431, 721432, 721433, 721434, 721435, 721436, 721437, 721438, 721439, 721440, 721441, 721442, 721443, 721444, 721445, 721446, 721447, 721448, 721449, 721450]"
"[721451, 721452, 721453, 721454, 721455, 721456, 721457, 721458, 721459, 721460, 721461, 721462, 721463, 721464, 721465, 721466, 721467, 721468, 721469, 721470, 721471, 721472, 721473, 721474, 721475, 721476, 721477, 721478, 721479, 721480, 721481, 721482, 721483, 721484, 721485, 721486, 721487]"
"[704337, 704338, 704339, 704340, 704341, 704342, 704343, 704344, 705344, 705345, 705346, 705347, 705348, 705349, 705350, 705351, 706599, 706600, 706601, 706602, 706603, 706604, 706605, 706606, 707546, 707547, 707548, 707549, 707550, 707551, 707552, 707553, 708156, 708157, 708158, 224]"
"[708159, 708160, 708161, 708162, 708163, 709036, 709037, 709038, 709039, 709040, 709041, 709042, 709043, 709460, 709461, 709462, 709463, 709464, 709465, 709466, 709467, 710388, 710389, 710390, 710391, 710392, 710393, 710394, 710395, 710716, 710717, 710718, 710719, 710720, 710721, 224]"
"[710722, 710723, 711152, 711153, 711154, 711155, 711156, 711157, 711158, 711159, 711979, 711980, 711981, 711982, 711983, 711984, 711985, 711986, 712451, 712452, 712453, 712454, 712455, 712456, 712457, 712458, 715410, 715411, 715412, 715413, 715415, 715416, 715417, 716152, 224]"
"[716153, 716154, 716155, 716156, 716157, 716158, 716159, 717048, 717049, 717050, 717051, 717052, 717053, 717054, 717055, 717617, 717618, 717619, 717620, 717621, 717622, 717623, 717624, 718277, 718278, 718279, 718280, 718281, 718282, 718283, 718284, 718710, 718712, 224]"
"[718713, 718714, 718715, 718716, 718717, 719065, 719066, 719067, 719068, 719069, 719070, 719071, 719072, 720124, 720125, 720126, 720127, 720128, 720129, 720130, 720131, 721270, 721271, 721272, 721273, 721274, 721275, 721276, 721840, 721841, 721842, 721843, 721844, 721845, 721846, 721847, 721848, 224]"
"[706150, 706151, 706152, 706153, 706154, 706155, 706156, 706157, 706158, 706159, 706160, 706161, 706162, 706163, 706164, 706165, 706166, 706167, 706168, 706169, 706170, 706171, 706172, 706173, 706174, 706175, 706176, 706177, 706178, 706179, 706180, 706181, 706182, 706183, 706184, 706185, 208]"
"[706186, 706187, 706188, 706189, 706190, 706191, 706192, 706193, 706194, 706195, 706196, 706197, 706198, 706199, 706200, 706201, 706202, 706203, 706204, 706205, 706206, 706207, 706208, 706209, 706210, 706211, 706212, 706213, 706214, 706215, 706216, 706217, 706218, 706219, 706220, 208]"
"[706221, 706222, 706223, 706224, 706225, 706226, 706227, 706228, 706229, 706230, 706231, 706232, 706233, 706234, 706235, 706236, 706237, 706238, 706239, 706240, 706241, 706242, 706243, 706244, 706245, 706246, 706247, 706248, 706249, 706250, 706251, 706252, 706253, 706254, 208]"
"[706255, 706256, 706257, 706258, 706259, 706260, 706261, 706262, 706263, 706264, 706265, 706266, 706267, 706268, 706269, 706270, 706271, 706272, 706273, 706274, 706275, 706276, 706277, 718021, 718022, 718023, 718024, 718025, 718026, 718027, 718028, 718029, 718030, 718031, 718032, 208]"
"[718033, 718034, 718035, 718036, 718037, 718038, 718039, 718040, 718041, 718042, 718043, 718044, 718045, 718046, 718047, 718048, 718049, 718050, 718051, 718052, 718053, 718054, 718055, 718056, 718057, 718058, 718059, 718060, 718061, 718062, 718063, 718064, 718065, 718066, 718067, 718068, 208]"
"[704729, 704730, 704731, 704732, 704733, 704734, 704735, 704736, 704737, 704738, 704739, 704740, 704741, 704742, 704743, 704744, 704745, 704746, 704747, 704748, 704749, 704750, 704751, 704752, 704753, 704754, 704755, 704756, 704757, 704758, 704759, 704760, 704761, 704762, 163]"
"[704763, 704764, 704765, 704766, 704767, 720677, 720678, 720679, 720680, 720681, 720682, 720683, 720684, 720685, 720686, 720687, 720688, 720689, 720690, 720691, 720692, 720693, 720694, 720695, 720696, 720697, 720698, 720699, 720700, 720701, 720702, 720703, 720704, 720705, 720706, 163]"
"[720707, 720708, 720709, 720710, 720711, 720712, 720713, 720714, 720715, 720716, 720717, 720718, 720719, 720720, 720721, 720722, 720723, 720724, 720725, 720726, 720727, 720728, 720729, 720730, 720731, 720732, 720733, 720734, 720735, 720736, 720737, 720738, 720739, 720740, 720741, 163]"
"[720742, 720743, 720744, 720745, 720746, 720747, 720748, 720749, 720750, 720751, 720752, 720753, 720754, 720755, 720756, 720757, 720758, 720759, 720760, 720761, 720762, 720763, 720764, 720765, 720766, 722924, 720767, 720768, 720769, 720770, 720771, 720772, 720773, 720774, 163]"
"[720775, 720776, 720777, 720778, 720779, 720780, 720781, 720782, 720783, 720784, 720785, 720786, 720787, 720788, 720789, 720790, 720791, 720792, 720793, 720794, 720795, 720796, 720797, 720798, 720799, 720800, 720801, 720802, 720803, 720804, 720805, 720806, 720807, 720808, 720809, 720810, 720811, 720812, 163]"
"[712599, 712600, 712601, 712602, 712603, 712604, 712605, 712606, 712607, 712608, 712609, 712610, 712611, 712612, 712613, 712614, 712615, 712616, 712617, 712618, 712619, 712620, 712621, 712622, 712623, 712624, 712625, 712626, 712627, 712628, 712629, 712630, 712631, 712632, 238]"
"[712633, 712634, 712635, 712636, 712637, 712638, 712639, 712640, 712641, 712642, 712643, 712644, 712645, 712646, 712647, 712648, 712649, 712650, 712651, 712652, 712653, 712654, 712655, 712656, 712657, 712658, 712659, 712660, 712661, 712662, 712663, 712664, 712665, 712666, 712667, 238]"
"[712668, 712669, 712670, 712671, 712672, 712673, 712674, 712675, 712676, 712677, 712678, 712679, 712680, 712681, 712682, 712683, 712684, 712685, 712686, 712687, 712688, 712689, 712690, 712691, 712692, 712693, 712694, 712695, 712696, 712697, 712698, 712699, 712700, 712701, 712702, 712703, 238]"
"[712704, 712705, 712706, 712707, 712708, 712709, 712710, 712711, 712712, 712713, 712714, 712715, 712716, 712717, 712718, 712719, 712720, 712721, 712722, 712723, 712724, 712725, 712726, 712727, 712728, 712729, 712730, 712731, 712732, 712733, 712734, 712735, 712736, 238]"
"[712737, 712738, 712739, 712740, 712741, 712742, 712743, 712744, 712745, 712746, 712747, 712748, 712749, 712750, 712751, 712752, 712753, 712754, 712755, 712756, 712757, 721523, 721524, 721525, 721526, 721527, 721528, 721529, 721530, 721531, 721532, 721533, 721534, 721535, 721536, 721537, 721538, 238]"
"[715580, 715581, 715582, 715583, 715584, 715585, 715586, 715587, 715588, 715589, 715590, 715591, 715592, 715593, 715594, 715595, 715596, 715597, 715598, 715599, 715600, 715601, 715602, 715603, 715604, 715605, 715606, 715607, 715608, 715609, 715610, 715611, 715612, 715613, 228]"
"[715614, 715615, 715616, 715617, 715618, 715619, 715620, 715621, 715622, 715623, 715624, 715625, 715626, 715627, 715628, 715629, 715630, 715631, 715632, 715633, 715634, 715635, 715636, 715637, 715638, 715639, 715640, 715641, 715642, 715643, 715644, 715645, 715646, 715647, 715648, 228]"
"[715649, 715650, 715651, 715652, 715653, 715654, 715655, 715656, 715657, 715658, 715659, 715660, 715661, 715662, 715663, 715664, 715665, 715666, 715667, 715668, 715669, 715670, 715671, 715672, 715673, 715674, 715675, 715676, 715677, 715678, 715679, 715680, 715681, 715682, 715683, 228]"
"[715684, 715685, 715686, 715687, 715688, 715689, 715690, 715691, 715692, 715693, 715694, 715695, 715696, 715697, 715698, 715699, 715700, 715701, 715702, 715703, 715704, 715705, 715706, 715707, 715708, 715709, 715710, 715711, 715712, 715713, 715714, 715715, 715716, 715717, 228]"
"[715718, 715719, 715720, 715721, 715722, 715723, 715724, 715725, 715726, 715727, 715728, 715729, 715730, 715731, 715732, 715733, 715734, 715735, 715736, 715737, 715738, 715739, 715740, 715741, 715742, 715743, 715744, 715745, 715746, 715747, 715748, 715749, 715750, 715751, 715752, 715753, 715754, 228]"
"[708470, 708471, 708472, 708473, 708474, 708475, 708476, 708477, 708478, 708479, 708480, 708481, 708482, 708483, 708484, 708485, 708486, 708487, 708488, 708489, 708490, 708491, 708492, 708493, 708494, 708495, 708496, 708497, 708498, 708499, 708500, 708501, 708502, 708503, 708504, 708505, 218]"
"[708506, 708507, 708508, 708509, 708510, 708511, 708512, 708513, 708514, 708515, 708516, 708517, 708518, 708519, 708520, 708521, 708522, 708523, 708524, 708525, 708526, 708527, 708528, 708529, 708530, 708531, 708532, 708533, 708534, 708535, 708536, 708537, 708538, 708539, 708540, 218]"
"[708541, 708542, 708543, 708544, 708545, 708546, 708547, 708548, 708549, 708550, 708551, 708552, 708553, 708554, 708555, 708556, 708557, 708558, 708559, 708560, 708561, 708562, 708563, 708564, 708565, 708566, 708567, 708568, 708569, 708570, 708571, 708572, 708573, 708574, 218]"
"[708575, 708576, 708577, 708578, 708579, 708580, 708581, 708582, 708583, 708584, 708585, 708586, 708587, 708588, 708589, 708590, 708591, 708592, 708593, 708594, 708595, 708596, 708597, 708598, 708599, 708600, 708601, 708602, 708603, 708604, 708605, 708606, 708607, 708608, 708609, 218]"
"[708610, 708611, 708612, 708614, 708615, 708616, 708617, 708618, 708619, 708620, 708621, 708622, 708623, 708624, 708625, 708626, 708627, 708628, 708629, 708630, 708631, 708632, 708633, 708634, 708635, 708636, 708637, 708638, 708639, 708640, 708641, 708642, 708643, 708644, 708645, 218]"
"[724532, 724533, 724534, 724535, 724536, 724537, 724538, 724539, 724540, 724541, 724542, 724543, 724544, 724545, 724546, 724547, 724548, 724549, 724550, 724551, 724552, 724553, 724554, 724555, 724556, 724557, 724558, 724559, 724560, 724561, 724562, 724563, 724564, 724565, 724566, 724567, 258]"
"[724568, 724569, 724570, 724571, 724572, 724573, 724574, 724575, 724576, 724577, 724578, 724579, 724580, 724581, 724582, 724583, 724584, 724585, 724586, 724587, 724588, 724589, 724590, 724591, 724592, 724593, 724594, 724595, 724596, 724597, 724598, 724599, 724600, 724601, 724602, 258]"
"[724603, 724604, 724605, 724606, 724607, 724608, 724609, 724610, 724611, 724612, 724613, 724614, 724615, 724616, 724617, 724618, 724619, 724620, 724621, 724622, 724623, 724624, 724625, 724626, 724627, 724628, 724629, 724630, 724631, 724632, 724633, 724634, 724635, 724636, 258]"
"[724637, 724638, 724639, 724640, 724641, 724642, 724643, 724644, 724645, 724646, 724647, 724648, 724649, 724650, 724651, 724652, 724653, 724654, 724655, 724656, 724657, 724658, 724659, 724660, 724661, 724662, 724663, 724664, 724665, 724666, 724667, 724668, 724669, 724670, 724671, 258]"
"[724672, 724673, 724674, 724675, 724676, 724677, 724678, 724679, 724680, 724681, 724682, 724683, 724684, 724685, 724686, 724687, 724688, 724689, 724690, 724691, 724692, 724693, 724694, 724695, 724696, 724697, 724698, 724699, 724700, 724701, 724702, 724703, 724704, 724705, 258]"
"[726462, 726463, 726464, 726465, 726466, 726467, 726468, 726469, 726470, 726471, 726472, 726473, 726474, 726475, 726476, 726477, 726478, 726479, 726480, 726481, 726482, 726483, 726484, 726485, 726486, 726487, 726488, 726489, 726490, 726491, 726492, 726493, 726494, 726495, 726496, 726497, 252]"
"[726498, 726499, 726500, 726501, 726502, 726503, 726504, 726505, 726506, 726507, 726508, 726509, 726510, 726511, 726512, 726513, 726514, 726515, 726516, 726517, 726518, 726519, 726520, 726521, 726522, 726523, 726524, 726525, 726526, 726527, 726528, 726529, 726530, 726531, 726532, 252]"
"[726533, 726534, 726535, 726536, 726537, 726538, 726539, 726540, 726541, 726542, 726543, 726544, 726545, 726546, 726547, 726548, 726549, 726550, 726551, 726552, 726553, 726554, 726555, 726556, 726557, 726558, 726559, 726560, 726561, 726562, 726563, 726564, 726565, 726566, 252]"
"[726567, 726568, 726569, 726570, 726571, 726572, 726573, 726574, 726575, 726576, 726577, 726578, 726579, 726580, 726581, 726582, 726583, 726584, 726585, 726586, 726587, 726588, 726589, 726590, 726591, 726592, 726593, 726594, 726595, 726596, 726597, 726598, 726599, 726600, 252]"
"[726601, 726602, 726603, 726604, 726605, 726606, 726607, 726608, 726609, 726610, 726611, 726612, 726613, 726614, 726615, 726616, 726617, 726618, 726619, 726620, 726621, 726622, 726623, 726624, 726625, 726626, 726627, 726628, 726629, 726630, 726631, 726632, 726633, 726634, 726635, 726636, 726637, 252]"
"[713120, 713121, 713122, 713123, 713124, 713125, 713126, 713127, 713128, 713129, 713130, 713131, 713132, 713133, 713134, 713135, 713136, 713137, 713138, 713139, 713140, 713141, 713142, 713143, 713144, 713145, 713146, 713147, 713148, 713149, 713150, 713151, 713152, 713155, 240]"
"[713156, 713157, 713158, 713159, 713160, 713161, 713162, 713163, 713164, 713165, 713166, 713167, 713168, 713169, 713170, 713171, 713172, 713173, 713174, 713175, 713176, 713177, 713178, 713179, 713180, 713181, 713182, 713183, 713184, 713185, 713186, 713187, 713188, 713189, 240]"
"[713190, 713191, 713193, 713194, 713195, 713196, 713197, 713198, 727160, 713200, 713201, 713202, 727161, 713203, 713204, 713205, 713206, 713207, 713208, 713209, 713210, 713211, 713212, 713213, 713214, 713215, 713216, 713217, 713218, 713219, 713220, 713221, 713222, 713223, 240]"
"[713224, 713225, 713226, 713227, 713228, 713229, 713230, 713231, 713232, 713233, 713234, 713235, 713236, 713237, 713238, 713239, 713240, 713241, 713242, 713243, 713244, 713245, 713246, 713247, 713248, 713249, 713250, 713251, 713252, 713253, 713254, 713255, 713256, 713257, 713258, 713259, 240]"
"[713260, 713261, 713262, 713263, 713264, 713265, 713266, 713267, 713268, 713269, 713270, 713271, 713272, 713273, 713274, 713275, 713276, 713277, 713278, 713279, 713280, 713281, 713282, 713283, 713284, 713285, 713286, 713287, 713288, 713289, 713290, 713291, 713292, 713293, 713294, 713295, 240]"
"[696321, 696322, 696323, 696324, 696325, 696326, 696327, 696328, 696329, 696330, 696331, 696332, 696333, 696334, 696335, 696336, 699838, 699874, 699875, 699876, 699877, 699878, 699879, 699880, 699881, 699882, 699883, 699884, 699885, 699886, 699887, 699888, 699889, 699890, 699891, 699892]"
"[699893, 699894, 699895, 699896, 699897, 699898, 699899, 699900, 699901, 699902, 699903, 699904, 699905, 699906, 699907, 699908, 699909, 699910, 699911, 699912, 699913, 699914, 699915, 699916, 699917, 699918, 699919, 699920, 699921, 699922, 699923, 699924, 699925, 699926, 699927]"
"[699928, 699929, 699930, 699931, 699932, 699934, 699935, 699936, 699937, 699938, 699939, 699940, 699941, 699942, 699943, 699944, 699945, 699946, 699947, 699948, 699949, 699950, 699951, 699952, 699953, 699954, 699955, 699956, 699957, 699958, 699959, 699960]"
"[699961, 699962, 699963, 699964, 699965, 699966, 699967, 716609, 729154, 716610, 716612, 716613, 716614, 716615, 716616, 716617, 716618, 716619, 716620, 716621, 716622, 716623, 716624, 716625, 716626, 716627, 716628, 716629, 716630, 716631, 716632, 716633]"
"[716634, 716635, 716636, 716637, 716638, 716639, 716640, 716642, 716643, 716644, 716645, 716646, 716647, 716648, 716649, 716650, 716651, 716652, 716653, 716654, 716655, 716656, 716657, 716658, 716659, 716660, 716661, 716662, 716663, 716664, 716665, 716666, 716667]"
"[714222, 714223, 714224, 714225, 714226, 714227, 714228, 714229, 714230, 714231, 714232, 714233, 714234, 714235, 714236, 714237, 714238, 714239, 714240, 714241, 714242, 714243, 714244, 714245, 714246, 714247, 714248, 714249, 714250, 714251, 714252, 714253, 714254, 714255, 714256, 714257, 244]"
"[714258, 714259, 714260, 714261, 714262, 714263, 714264, 714265, 714266, 714267, 714268, 714269, 714270, 714271, 714272, 714273, 714274, 714275, 714276, 714277, 714278, 714279, 714280, 714281, 714282, 714283, 714284, 714285, 714286, 714287, 714288, 714289, 714290, 714291, 714292, 244]"
"[714293, 714294, 714295, 714296, 714297, 714298, 714299, 714300, 714301, 714302, 714303, 714304, 714305, 714306, 714307, 714308, 714309, 714310, 714311, 714312, 714313, 714314, 714315, 714316, 714317, 714318, 714319, 714320, 714321, 714322, 714323, 714324, 714325, 714326, 244]"
"[714327, 714328, 714329, 714330, 714331, 714332, 714333, 714334, 714335, 714336, 714337, 714338, 714339, 714340, 714341, 714342, 714343, 714344, 714345, 714346, 714347, 714348, 714349, 715320, 714350, 714351, 714352, 714353, 714354, 714355, 714356, 714357, 714358, 714359, 714360, 244]"
"[714361, 714362, 714363, 714364, 714365, 714366, 714367, 714368, 714369, 714370, 714371, 714372, 714373, 714374, 714375, 714376, 714377, 714378, 714379, 714380, 714381, 714382, 714383, 714384, 714385, 714386, 714387, 714388, 714389, 714390, 714391, 714392, 714393, 714394, 714395, 244]"
"[705424, 705425, 705426, 705427, 705428, 705429, 705430, 705431, 705432, 705433, 705434, 705435, 705436, 705437, 705438, 705439, 705440, 705441, 705442, 705443, 705444, 705445, 705446, 705447, 705448, 705449, 705450, 705451, 705452, 705453, 705454, 705455, 712045, 712046, 712047, 712048]"
"[712049, 712050, 712051, 712052, 712053, 712054, 712055, 712056, 712057, 712058, 712059, 712060, 718514, 718515, 718516, 718517, 718518, 718519, 718520, 718521, 718522, 718523, 718524, 718525, 718526, 718527, 718528, 718529, 722558, 722559, 722560, 722561, 722562, 722563, 722564]"
"[722565, 722566, 722567, 722568, 722569, 722570, 722571, 722572, 722573, 722574, 722575, 722576, 722577, 722578, 722579, 722580, 722581, 722582, 722583, 722584, 722585, 722586, 722587, 722588, 722589, 722590, 722591, 722592, 722593, 722594, 722595, 722596, 722597, 722598]"
"[722599, 722600, 722601, 722602, 722603, 722604, 722605, 722606, 722607, 722608, 722609, 722610, 722611, 722612, 722615, 722616, 722617, 722618, 722619, 722620, 722621, 722622, 722623, 722624, 722625, 722626, 722627, 722628, 722629, 722630, 722631, 722632]"
"[722633, 722634, 722635, 722636, 722637, 722638, 722639, 722640, 722641, 722642, 722643, 722644, 722645, 722646, 722647, 722648, 722649, 722650, 722651, 722652, 722653, 722654, 722655, 722656, 722657, 730951, 730952, 730954, 730955, 730956, 730957, 730958, 730959, 730960, 730961]"
"[714586, 714587, 714588, 714589, 714590, 714591, 714592, 714593, 714594, 714595, 714596, 714597, 714598, 714599, 714600, 714601, 714602, 714603, 714604, 714606, 714607, 714608, 722368, 714609, 714610, 714611, 714612, 714614, 714615, 714616, 722369, 714617, 714618, 714619, 714620, 245]"
"[714622, 714623, 714624, 722370, 714625, 714626, 714627, 714628, 714630, 714631, 714632, 722371, 714633, 714634, 714635, 714636, 714638, 714639, 714640, 722372, 714641, 714642, 714643, 714644, 714646, 714647, 714648, 722373, 714649, 714650, 714651, 714652, 714654, 714655, 714656, 245]"
"[722374, 714657, 714658, 714659, 714660, 714662, 714663, 714664, 722375, 714665, 714666, 714667, 714668, 714670, 714671, 714672, 722376, 714673, 714674, 714675, 714676, 714678, 714679, 714680, 722377, 714681, 714682, 714683, 714684, 714686, 714687, 714688, 722378, 714689, 714690, 245]"
"[714691, 714692, 714694, 714695, 714696, 722379, 714697, 714698, 714699, 714700, 714702, 714703, 714704, 722380, 714705, 714706, 714707, 714708, 714710, 714711, 714712, 722381, 714713, 714714, 714715, 714716, 714717, 714718, 714719, 714720, 714721, 714722, 714723, 714724, 245]"
"[714726, 714727, 714728, 722383, 714729, 714730, 714731, 714732, 714734, 714735, 714736, 722384, 714737, 714738, 714739, 714740, 714742, 714743, 714744, 722385, 714745, 714746, 714747, 714748, 714749, 714750, 714751, 714752, 714753, 714754, 714755, 714756, 714757, 714758, 714759, 714760, 245]"
"[705097, 705098, 705099, 705100, 705101, 705102, 705103, 705104, 705105, 705106, 705107, 705108, 705109, 705110, 705111, 705112, 705113, 705114, 705115, 705116, 705117, 705118, 705119, 705120, 705121, 705122, 705123, 705124, 705125, 705126, 705127, 705128, 705129, 705130, 705131, 705132, 213]"
"[705133, 705134, 705135, 705136, 723789, 723790, 723791, 723792, 723793, 723794, 723795, 723796, 723797, 723798, 723799, 723800, 723801, 723802, 723803, 723804, 723805, 723806, 723807, 723808, 723809, 723810, 723811, 723812, 723813, 723814, 723815, 723816, 723817, 723818, 723819, 213]"
"[723820, 723821, 723822, 723823, 723824, 723825, 723826, 723827, 723828, 723829, 723830, 723831, 723832, 723833, 723834, 723835, 723836, 723837, 723838, 723839, 723840, 723841, 723842, 723843, 723844, 723845, 723846, 723847, 723848, 723849, 723850, 723851, 723852, 723853, 213]"
"[723854, 723855, 723856, 723857, 723858, 723859, 723860, 723861, 723862, 723863, 723864, 723865, 723866, 723867, 723868, 723869, 723870, 723871, 723872, 723873, 723874, 723875, 723876, 723877, 723878, 723879, 723880, 723881, 723882, 723883, 723884, 723885, 723886, 213]"
"[723887, 723888, 723889, 723890, 723891, 723892, 723893, 723894, 723895, 723896, 723897, 723898, 723899, 723900, 723901, 723902, 723903, 723904, 723905, 723906, 723907, 723908, 723909, 723910, 723911, 723912, 723913, 723914, 723915, 723916, 723917, 723918, 723919, 723920, 723921, 723922, 213]"
"[715948, 715949, 715950, 715951, 715952, 715953, 715954, 715955, 715956, 715957, 715958, 715959, 715960, 715961, 715962, 715963, 715964, 715965, 715966, 715967, 715968, 715969, 715970, 715971, 715972, 715973, 715974, 715975, 715976, 715977, 715978, 715979, 715980, 715981, 715982, 250]"
"[715983, 715984, 715985, 715986, 715987, 720253, 720254, 720255, 720256, 720257, 720258, 720259, 720260, 720261, 720262, 720263, 720264, 720265, 720266, 720267, 720268, 720269, 720270, 720271, 720272, 720273, 720274, 720275, 720276, 720277, 720278, 720279, 720280, 720281, 720282, 720283, 250]"
"[720284, 720285, 720286, 720287, 720288, 720289, 720290, 720291, 720292, 720293, 720294, 720295, 720296, 720297, 720298, 720299, 720300, 720301, 720302, 720303, 720304, 720305, 720306, 720307, 720308, 720309, 720310, 720311, 720312, 720313, 720314, 720315, 720316, 720317, 250]"
"[720318, 720319, 720320, 720321, 720322, 720323, 720324, 720325, 720326, 720327, 720328, 720329, 720330, 720331, 720332, 720333, 720334, 720335, 720336, 720337, 720338, 720339, 720340, 720341, 720342, 720343, 720344, 720345, 720346, 720347, 720348, 720349, 720350, 720351, 720352, 250]"
"[720353, 720354, 720355, 720356, 720357, 720358, 720359, 720360, 720361, 720362, 720363, 720364, 720365, 720366, 720367, 720368, 720369, 720370, 720371, 720372, 720373, 720374, 720375, 720376, 720377, 720378, 720379, 720380, 720381, 720382, 720383, 720384, 720385, 720386, 720387, 720388, 250]"
"[706791, 706792, 706793, 706794, 706795, 706796, 706797, 706798, 706799, 706800, 706801, 706802, 706803, 706804, 706805, 706806, 706807, 706808, 706809, 706810, 706811, 706812, 706813, 706814, 706815, 706816, 706817, 706818, 706819, 706820, 706821, 706822, 706823, 706824]"
"[706825, 706826, 706827, 706828, 706829, 706830, 706831, 706832, 706833, 706834, 706835, 706836, 706837, 706838, 706839, 706840, 706841, 706842, 706843, 706844, 706845, 706846, 706847, 706848, 706849, 706850, 706851, 706852, 706853, 706854, 706855, 706856, 706857, 706858, 706859]"
"[706860, 706861, 706862, 706863, 706864, 706865, 706866, 706867, 706868, 706869, 706872, 706873, 706874, 706875, 706876, 706877, 706878, 706879, 706880, 706881, 706882, 706883, 706884, 706885, 706886, 706887, 706888, 706889, 706890, 706891, 706892, 706893, 706894, 706895, 706896]"
"[706897, 706898, 706899, 706900, 706901, 706902, 706903, 706904, 706905, 706906, 706907, 706908, 706909, 706910, 706911, 706912, 706913, 706914, 706915, 706916, 706917, 706918, 706919, 716988, 716989, 716990, 716991, 716992, 716993, 716994, 716995, 716996, 716997, 716998, 716999]"
"[717000, 717001, 717002, 717003, 717004, 717005, 717006, 717007, 717008, 717009, 717010, 717011, 717012, 717013, 717014, 717015, 717016, 717017, 717018, 717019, 717020, 717021, 717022, 718479, 717023, 717024, 717025, 717026, 717027, 717028, 717029, 717030, 717031, 717032, 717033, 717034, 717035, 717036]"
"[705283, 705284, 705285, 705286, 705287, 705288, 705289, 705290, 705291, 705292, 705293, 705294, 705295, 705296, 705297, 705298, 705299, 717431, 717432, 717433, 717434, 717435, 717436, 717437, 717438, 717439, 717440, 717441, 717442, 717443, 717444, 717445, 717446, 717447, 717448, 717449, 227]"
"[717450, 717451, 717452, 717453, 717454, 717455, 717456, 717457, 717458, 717459, 717460, 717461, 717462, 717463, 717464, 717465, 717466, 717467, 717468, 717469, 717470, 717471, 717472, 717473, 717474, 717475, 717476, 717477, 717478, 717479, 717480, 717481, 717482, 717483, 717484, 227]"
"[717486, 717487, 717488, 717489, 717490, 717491, 717492, 717493, 717494, 717495, 717496, 717497, 717498, 717499, 717500, 717501, 717502, 717503, 717504, 717505, 717506, 717507, 717508, 717509, 717510, 717511, 717512, 717513, 717514, 717515, 717516, 717517, 717518, 227]"
"[717519, 717520, 717521, 717522, 717523, 717524, 717525, 717526, 717527, 717528, 717529, 717530, 717531, 717532, 717533, 717534, 717535, 717536, 717537, 717538, 717539, 717540, 717541, 717542, 717543, 717544, 717545, 717546, 717547, 717548, 717549, 717550, 227]"
"[717551, 717552, 717553, 717554, 717555, 717556, 717557, 717558, 717559, 717560, 717561, 717562, 717563, 717564, 717565, 717566, 717567, 717568, 717569, 717570, 717571, 717572, 717573, 717574, 717575, 717576, 717577, 717578, 717579, 717580, 717581, 717582, 717583, 717584, 717585, 717586, 717587, 227]"
"[712080, 712081, 712082, 712083, 712084, 712085, 712086, 715305, 715306, 715307, 715308, 715309, 715310, 715311, 715312, 715486, 715487, 715488, 715489, 715490, 715491, 715492, 715493, 716303, 716304, 716305, 716306, 716307, 716308, 716309, 716310, 717160, 717161, 717162, 717163, 223]"
"[717164, 717165, 717166, 717167, 717959, 717960, 717961, 717962, 717963, 717964, 717965, 717966, 717967, 717968, 717969, 717970, 717971, 717972, 717973, 717974, 717975, 717976, 717977, 717978, 717979, 717980, 717981, 717982, 717983, 717984, 717985, 717986, 717987, 717988, 717989, 717990, 223]"
"[719752, 719753, 719754, 719755, 719756, 719757, 719758, 719759, 719760, 719761, 719762, 719763, 719764, 719765, 719766, 719767, 719768, 719769, 719770, 719771, 719772, 719773, 719774, 719775, 719776, 719777, 719778, 719779, 719780, 719781, 719782, 719783, 722724, 223]"
"[722725, 722726, 722727, 722728, 722729, 722730, 722731, 722732, 722733, 722734, 722735, 722736, 722737, 722738, 722739, 725537, 725538, 725539, 725540, 725541, 725542, 725543, 725544, 725545, 725546, 725547, 725548, 725549, 725550, 725551, 725552, 725553, 725554, 725555, 725556, 725557, 223]"
"[725558, 725559, 725560, 725561, 725562, 725563, 725564, 725565, 725566, 725567, 725568, 725569, 725570, 725571, 725572, 725573, 725574, 725575, 725576, 729795, 729796, 729797, 729798, 729799, 729800, 729801, 729802, 729803, 729804, 729805, 729806, 729807, 729808, 729809, 729810, 223]"
"[707504, 707505, 707506, 707507, 707508, 707509, 707510, 707511, 707512, 707513, 707514, 707515, 707516, 707517, 707518, 707519, 707520, 707521, 707522, 707523, 707524, 707525, 707526, 707527, 707528, 707529, 707530, 707531, 707532, 707533, 707534, 707535, 707536, 707537, 707538, 707539]"
"[707540, 707541, 707542, 707543, 718103, 718104, 718105, 718106, 718107, 718108, 718109, 718110, 718111, 718112, 718113, 718114, 718115, 718116, 718117, 718118, 718119, 718120, 718121, 718122, 718123, 718124, 718125, 718126, 718127, 718128, 718129, 718130, 718131, 718132]"
"[718133, 718134, 718135, 718136, 718137, 718138, 718139, 718140, 718141, 718142, 718143, 718144, 718145, 718146, 718147, 718148, 718149, 718150, 718151, 718152, 718153, 718154, 718155, 718156, 718157, 718158, 718159, 718160, 718161, 718162, 718163, 718164, 718165, 718166, 718167]"
"[718168, 718169, 718170, 718171, 718172, 718173, 718174, 718175, 718176, 718177, 718178, 718179, 718180, 718181, 718182, 718183, 718184, 718185, 718186, 718187, 718188, 718189, 718190, 718191, 718192, 718193, 718194, 718195, 718196, 718197, 718198, 718199, 718200, 718201]"
"[718202, 718203, 718204, 718205, 718206, 718207, 718208, 718209, 718210, 718211, 718212, 718213, 718214, 718215, 718216, 718217, 718218, 718219, 718220, 718221, 718222, 718223, 718224, 718225, 718226, 718227, 718228, 718229, 718230, 718231, 718232, 718233, 718234, 718235, 718236, 718237, 718238]"
"[712925, 712926, 712927, 712928, 712929, 712930, 712931, 712932, 712933, 712934, 712935, 712936, 712937, 712938, 712939, 712940, 712941, 712942, 712943, 712944, 712945, 712946, 712947, 712948, 712949, 712950, 712951, 712952, 712953, 712954, 712955, 712956, 712957, 712958, 712959, 712960, 239]"
"[712961, 712962, 712963, 712964, 721985, 721986, 721987, 721988, 721989, 721990, 721991, 721992, 721993, 721994, 721995, 721996, 721997, 721998, 721999, 722000, 722001, 722002, 722003, 722004, 722005, 722006, 722007, 722008, 239]"
"[722009, 722010, 722011, 722012, 722013, 722014, 722015, 722016, 722017, 722018, 722019, 722020, 722021, 722022, 722023, 722024, 722025, 722026, 722027, 722028, 722029, 722030, 722031, 722032, 722033, 722034, 722035, 722036, 722037, 722038, 722039, 722040, 722041, 239]"
"[722042, 722043, 722044, 722045, 722046, 722047, 722048, 722049, 722050, 722051, 722052, 722053, 722054, 722055, 722056, 722057, 722058, 722059, 722060, 722061, 722062, 722063, 722064, 722065, 722066, 722067, 722068, 722069, 722070, 722071, 722072, 722073, 722074, 722075, 722076, 239]"
"[722077, 722078, 722079, 722080, 722081, 722082, 722083, 722084, 722085, 722086, 722087, 722088, 722089, 722090, 722091, 722092, 722093, 722094, 722095, 722096, 722097, 722098, 722099, 722100, 722101, 722102, 722103, 722104, 722105, 722106, 722107, 722108, 722109, 722110, 722111, 722112, 239]"
"[700545, 700546, 700547, 700548, 700549, 700550, 700551, 700552, 700553, 700554, 700555, 700556, 721949, 700557, 700558, 700559, 700560, 700561, 700562, 700563, 700564, 700565, 700566, 700567, 700568, 700569, 700570, 700571, 700572, 700573, 700574, 700575, 700576, 700577, 700578, 226]"
"[700579, 700580, 700581, 700582, 700583, 700584, 700585, 700586, 700587, 700588, 700589, 700590, 700591, 700592, 700593, 700594, 700595, 700596, 700597, 700598, 700599, 711267, 711268, 711269, 711270, 711271, 711272, 711273, 711274, 711275, 711276, 711277, 711278, 711279, 711280]"
"[711281, 711282, 714796, 714797, 714798, 714799, 714800, 714801, 714802, 714803, 714804, 714805, 714806, 714807, 714808, 714809, 714810, 714811, 716733, 716734, 716735, 716736, 716737, 716738, 716739, 716740, 716741, 716742, 716743, 716744, 716745, 716746, 716747, 716748, 717887]"
"[717888, 717889, 717890, 717891, 717892, 717893, 717894, 717895, 717896, 717897, 717898, 717899, 717900, 717901, 717902, 718878, 718879, 718880, 718881, 718882, 718883, 718884, 718885, 720050, 720051, 720052, 720053, 720054, 720055, 720056, 720057, 720058, 720059, 720060]"
"[720061, 720062, 720063, 720064, 720065, 720066, 720067, 720068, 720069, 720070, 720071, 720072, 720073, 720074, 720075, 720076, 720077, 720078, 720079, 720080, 720081, 720082, 720083, 720084, 720085, 720086, 720087, 720088, 720089, 720090, 720091, 720092, 720093, 720094, 720095, 720096, 720097, 720098]"
"[698851, 698852, 698853, 698854, 698855, 698856, 698857, 698858, 698859, 698860, 698861, 698862, 698863, 698864, 698865, 698866, 698867, 698868, 698869, 698870, 698871, 698872, 698873, 698874]"